Applicant_ID,Income,Debt,Credit_Score,Defaulted,Debt_to_Income,Risk_Flag,Decision,Debt_Level
A003,72000,15000,750,0,0.20833333333333334,Low,Approve,Low
A005,60000,10000,710,0,0.16666666666666666,Low,Approve,Low
A001,48000,12000,690,0,0.25,Low,Approve,Low
A006,52000,26000,640,1,0.5,High,Review,Medium
A002,35000,18000,610,1,0.5142857142857142,High,Review,High
A004,41000,22000,580,1,0.5365853658536586,High,Decline,High
